{
    "Ar36": {
        "error": 0.00027386009513019296, 
        "filter_outliers_dict": {
            "filter_outliers": true, 
            "iterations": 1, 
            "std_devs": 2
        }, 
        "fit": "Parabolic", 
        "value": 0.02428069731018351
    }, 
    "Ar37": {
        "error": 0.005098591807014979, 
        "filter_outliers_dict": {
            "filter_outliers": true, 
            "iterations": 1, 
            "std_devs": 2
        }, 
        "fit": "linear", 
        "value": 0.4394920129165269
    }, 
    "Ar38": {
        "error": 0.002231470217495227, 
        "filter_outliers_dict": {
            "filter_outliers": true, 
            "iterations": 1, 
            "std_devs": 2
        }, 
        "fit": "linear", 
        "value": 0.8982118952081009
    }, 
    "Ar39": {
        "error": 0.01373005782831796, 
        "filter_outliers_dict": {
            "filter_outliers": true, 
            "iterations": 1, 
            "std_devs": 2
        }, 
        "fit": "Parabolic", 
        "value": 70.09155989975037
    }, 
    "Ar40": {
        "error": 0.02199608754228537, 
        "filter_outliers_dict": {
            "filter_outliers": true, 
            "iterations": 1, 
            "std_devs": 2
        }, 
        "fit": "Parabolic", 
        "value": 254.0342034517685
    }, 
    "Ar41": {
        "error": 0.0051037306192114, 
        "filter_outliers_dict": {
            "filter_outliers": true, 
            "iterations": 1, 
            "std_devs": 2
        }, 
        "fit": "linear", 
        "value": 0.08422248354959883
    }
}